﻿{"cameraMode":{"drawMode":0,"name":"Shaded","section":"Shading Mode"},"sceneLighting":true,"audioPlay":false,"sceneViewState":{"showFog":true,"showMaterialUpdate":true,"showSkybox":true,"showFlares":true,"showImageEffects":true,"showParticleSystems":true},"in2DMode":false,"pivot":{"x":13.172449111938477,"y":12.168952941894532,"z":26.771860122680665},"rotation":{"x":0.5901710391044617,"y":0.04474402591586113,"z":-0.03278816118836403,"w":0.8053708076477051},"size":19.57447624206543,"orthographic":true}